experiment,condition,mean_error,rmse,p95_error,max_error,convergence_time,target_lost_count,detection_rate,reacquisition_time,recovery_time,result,source_csv
Stage 7 Static Convergence,Trial 01,9.982523196586552,13.410511098000871,31.396913417705075,36.23534186398688,5.066667,0,100.0,,,PASS,outputs\logs\stage7_trial_01.csv
Stage 7 Static Convergence,Trial 02,9.040998576299245,11.901848276441658,27.442623204733998,33.24154027718932,8.0,0,100.0,,,PASS,outputs\logs\stage7_trial_02.csv
Stage 7 Static Convergence,Trial 03,3.2420577210959864,3.2651631387391116,3.605551275463989,3.605551275463989,9.333333,0,98.4126984126984,,,PASS,outputs\logs\stage7_trial_03.csv
Stage 7 Static Convergence,Trial 04,25.05617874881594,37.70753224709462,85.5477651013225,96.89685237405806,10.533333,0,100.0,,,PASS,outputs\logs\stage7_trial_04.csv
Stage 7 Static Convergence,Trial 05,62.894900253806675,87.39293692129138,178.63090438107287,197.7700685139185,15.6,0,100.0,,,PASS,outputs\logs\stage7_trial_05.csv
Stage 9 Dynamic Tracking,SLOW,6.027533421285663,6.59747426419131,10.198039027185567,11.180339887498947,,0,100.0,,,COMPLETED,outputs/logs/stage9_slow.csv
Stage 9 Dynamic Tracking,MEDIUM,7.500910837991826,8.09135340965898,11.0,11.180339887498947,,0,100.0,,,COMPLETED,outputs/logs/stage9_medium.csv
Stage 9 Dynamic Tracking,FAST,9.047469915468698,9.912281943797469,14.142135623730953,14.142135623730953,,0,100.0,,,COMPLETED,outputs/logs/stage9_fast.csv
Stage 10 TARGET_LOST_RECOVERY,predefined out-of-view target for 2.5 s,2.2360679774997987,2.23606797749979,2.23606797749979,2.23606797749979,,1,82.14285714285714,0.0,0.1333333333333328,PASS,outputs/logs/stage10_target_lost.csv
Stage 10 VISUAL_NOISE,0 px,7.500910837991826,8.09135340965898,11.0,11.180339887498947,,0,100.0,,,PASS,outputs/logs/stage10_noise_0.csv
Stage 10 VISUAL_NOISE,1 px,7.299621252861724,7.913385284861762,11.04536101718726,11.04536101718726,,0,100.0,,,PASS,outputs/logs/stage10_noise_1.csv
Stage 10 VISUAL_NOISE,3 px,6.595727462196757,7.164844729650462,10.0,11.0,,0,100.0,,,PASS,outputs/logs/stage10_noise_3.csv
